Workbook

Sheet Исходные данные
A1: Xi | B1: Si | D1: μ | E1: σ
A2: 0.59931 | B2: 0.59931 | D2: =AVERAGE($A$2:A2) -> 0.59931 | E2: =STDEV($A$2,A2) -> 0
A3: 0.52672 | B3: 1.12603 | D3: =AVERAGE($A$2:A3) -> 0.563015 | E3: =STDEV($A$2:A3) -> 0.051328881
A4: 0.39169 | B4: 1.51772 | D4: =AVERAGE($A$2:A4) -> 0.50590667 | E4: =STDEV($A$2:A4) -> 0.10536324
A5: 0.996682 | B5: 2.5144 | D5: =AVERAGE($A$2:A5) -> 0.6286005 | E5: =STDEV($A$2:A5) -> 0.26003086
A6: 0.574168 | B6: 3.08857 | D6: =AVERAGE($A$2:A6) -> 0.617714 | E6: =STDEV($A$2:A6) -> 0.22650522
A7: 0.51831 | B7: 3.60688 | D7: =AVERAGE($A$2:A7) -> 0.60114667 | E7: =STDEV($A$2:A7) -> 0.20661692
A8: 0.530825 | B8: 4.13771 | D8: =AVERAGE($A$2:A8) -> 0.59110071 | E8: =STDEV($A$2:A8) -> 0.1904781
A9: 0.624686 | B9: 4.76239 | D9: =AVERAGE($A$2:A9) -> 0.59529888 | E9: =STDEV($A$2:A9) -> 0.17674777
A10: 0.134262 | B10: 4.89665 | D10: =AVERAGE($A$2:A10) -> 0.54407256 | E10: =STDEV($A$2:A10) -> 0.22572555
A11: 0.311794 | B11: 5.20845 | D11: =AVERAGE($A$2:A11) -> 0.5208447 | E11: =STDEV($A$2:A11) -> 0.22513556
A12: 0.533984 | B12: 5.74243 | D12: =AVERAGE($A$2:A12) -> 0.52203918 | E12: =STDEV($A$2:A12) -> 0.21361909
A13: 0.440809 | B13: 6.18324 | D13: =AVERAGE($A$2:A13) -> 0.51527 | E13: =STDEV($A$2:A13) -> 0.2050232
A14: 0.063503 | B14: 6.24674 | D14: =AVERAGE($A$2:A14) -> 0.48051869 | E14: =STDEV($A$2:A14) -> 0.23287578
... A351: 0.249069 | B351: 180.719 | D351: =AVERAGE($A$2:A351) -> 0.51633942 | E351: =STDEV($A$2:A351) -> 0.28862578

Sheet k=20
A1: Xi | B1: Si | H1: Шаг | I1: Плотность распределения | J1: Функция распределения
A2: ='Исходные данные'!A2 -> 0.59931 | B2: ='Исходные данные'!B2 -> 0.59931 | F2: (μ-3σ) = | G2: =(E11-3*E12) -> -0.24866622 | H2: =(E11-3*E12) -> -0.24866622 | I2: =_xlfn.NORM.DIST(H2,$E$11,$E$12,0) -> 0.018190803 | J2: =_xlfn.NORM.DIST(H2,$E$11,$E$12,1) -> 0.001349898
A3: ='Исходные данные'!A3 -> 0.52672 | B3: ='Исходные данные'!B3 -> 1.12603 | H3: =H2+6*$E$12/19 -> -0.17173003 | I3: =_xlfn.NORM.DIST(H3,$E$11,$E$12,0) -> 0.044630748 | J3: =_xlfn.NORM.DIST(H3,$E$11,$E$12,1) -> 0.0036350655
A4: ='Исходные данные'!A4 -> 0.39169 | B4: ='Исходные данные'!B4 -> 1.51772 | H4: =H3+6*$E$12/19 -> -0.094793836 | I4: =_xlfn.NORM.DIST(H4,$E$11,$E$12,0) -> 0.099107684 | J4: =_xlfn.NORM.DIST(H4,$E$11,$E$12,1) -> 0.0089320963
A5: ='Исходные данные'!A5 -> 0.996682 | B5: ='Исходные данные'!B5 -> 2.5144 | H5: =H4+6*$E$12/19 -> -0.017857644 | I5: =_xlfn.NORM.DIST(H5,$E$11,$E$12,0) -> 0.19919175 | J5: =_xlfn.NORM.DIST(H5,$E$11,$E$12,1) -> 0.020054161
A6: ='Исходные данные'!A6 -> 0.574168 | B6: ='Исходные данные'!B6 -> 3.08857 | H6: =H5+6*$E$12/19 -> 0.059078547 | I6: =_xlfn.NORM.DIST(H6,$E$11,$E$12,0) -> 0.36234829 | J6: =_xlfn.NORM.DIST(H6,$E$11,$E$12,1) -> 0.041207522
A7: ='Исходные данные'!A7 -> 0.51831 | B7: ='Исходные данные'!B7 -> 3.60688 | H7: =H6+6*$E$12/19 -> 0.13601474 | I7: =_xlfn.NORM.DIST(H7,$E$11,$E$12,0) -> 0.59658446 | J7: =_xlfn.NORM.DIST(H7,$E$11,$E$12,1) -> 0.07765073
A8: ='Исходные данные'!A8 -> 0.530825 | B8: ='Исходные данные'!B8 -> 4.13771 | H8: =H7+6*$E$12/19 -> 0.21295093 | I8: =_xlfn.NORM.DIST(H8,$E$11,$E$12,0) -> 0.88901383 | J8: =_xlfn.NORM.DIST(H8,$E$11,$E$12,1) -> 0.13452279
A9: ='Исходные данные'!A9 -> 0.624686 | B9: ='Исходные данные'!B9 -> 4.76239 | H9: =H8+6*$E$12/19 -> 0.28988712 | I9: =_xlfn.NORM.DIST(H9,$E$11,$E$12,0) -> 1.1990463 | J9: =_xlfn.NORM.DIST(H9,$E$11,$E$12,1) -> 0.2149176
A10: ='Исходные данные'!A10 -> 0.134262 | B10: ='Исходные данные'!B10 -> 4.89665 | H10: =H9+6*$E$12/19 -> 0.36682331 | I10: =_xlfn.NORM.DIST(H10,$E$11,$E$12,0) -> 1.4637073 | J10: =_xlfn.NORM.DIST(H10,$E$11,$E$12,1) -> 0.31786256
A11: ='Исходные данные'!A11 -> 0.311794 | B11: ='Исходные данные'!B11 -> 5.20845 | D11: μ = | E11: =AVERAGE(A2:A21) -> 0.4822276 | H11: =H10+6*$E$12/19 -> 0.4437595 | I11: =_xlfn.NORM.DIST(H11,$E$11,$E$12,0) -> 1.6171987 | J11: =_xlfn.NORM.DIST(H11,$E$11,$E$12,1) -> 0.43726987
A12: ='Исходные данные'!A12 -> 0.533984 | B12: ='Исходные данные'!B12 -> 5.74243 | D12: σ = | E12: =STDEV(A2:A21) -> 0.24363127 | H12: =H11+6*$E$12/19 -> 0.5206957 | I12: =_xlfn.NORM.DIST(H12,$E$11,$E$12,0) -> 1.6171987 | J12: =_xlfn.NORM.DIST(H12,$E$11,$E$12,1) -> 0.56273013
A13: ='Исходные данные'!A13 -> 0.440809 | B13: ='Исходные данные'!B13 -> 6.18324 | H13: =H12+6*$E$12/19 -> 0.59763189 | I13: =_xlfn.NORM.DIST(H13,$E$11,$E$12,0) -> 1.4637073 | J13: =_xlfn.NORM.DIST(H13,$E$11,$E$12,1) -> 0.68213744
A14: ='Исходные данные'!A14 -> 0.063503 | B14: ='Исходные данные'!B14 -> 6.24674 | H14: =H13+6*$E$12/19 -> 0.67456808 | I14: =_xlfn.NORM.DIST(H14,$E$11,$E$12,0) -> 1.1990463 | J14: =_xlfn.NORM.DIST(H14,$E$11,$E$12,1) -> 0.7850824
A15: ='Исходные данные'!A15 -> 0.872792 | B15: ='Исходные данные'!B15 -> 7.11953 | H15: =H14+6*$E$12/19 -> 0.75150427 | I15: =_xlfn.NORM.DIST(H15,$E$11,$E$12,0) -> 0.88901383 | J15: =_xlfn.NORM.DIST(H15,$E$11,$E$12,1) -> 0.86547721
A16: ='Исходные данные'!A16 -> 0.224759 | B16: ='Исходные данные'!B16 -> 7.34429 | H16: =H15+6*$E$12/19 -> 0.82844046 | I16: =_xlfn.NORM.DIST(H16,$E$11,$E$12,0) -> 0.59658446 | J16: =_xlfn.NORM.DIST(H16,$E$11,$E$12,1) -> 0.92234927
A17: ='Исходные данные'!A17 -> 0.202601 | B17: ='Исходные данные'!B17 -> 7.54689 | H17: =H16+6*$E$12/19 -> 0.90537665 | I17: =_xlfn.NORM.DIST(H17,$E$11,$E$12,0) -> 0.36234829 | J17: =_xlfn.NORM.DIST(H17,$E$11,$E$12,1) -> 0.95879248
A18: ='Исходные данные'!A18 -> 0.700437 | B18: ='Исходные данные'!B18 -> 8.24733 | H18: =H17+6*$E$12/19 -> 0.98231284 | I18: =_xlfn.NORM.DIST(H18,$E$11,$E$12,0) -> 0.19919175 | J18: =_xlfn.NORM.DIST(H18,$E$11,$E$12,1) -> 0.97994584
A19: ='Исходные данные'!A19 -> 0.488813 | B19: ='Исходные данные'!B19 -> 8.73615 | H19: =H18+6*$E$12/19 -> 1.059249 | I19: =_xlfn.NORM.DIST(H19,$E$11,$E$12,0) -> 0.099107684 | J19: =_xlfn.NORM.DIST(H19,$E$11,$E$12,1) -> 0.9910679
A20: ='Исходные данные'!A20 -> 0.198562 | B20: ='Исходные данные'!B20 -> 8.93471 | H20: =H19+6*$E$12/19 -> 1.1361852 | I20: =_xlfn.NORM.DIST(H20,$E$11,$E$12,0) -> 0.044630748 | J20: =_xlfn.NORM.DIST(H20,$E$11,$E$12,1) -> 0.99636493
A21: ='Исходные данные'!A21 -> 0.709845 | B21: ='Исходные данные'!B21 -> 9.64455 | F21: (μ+3σ) = | G21: =(E11+3*E12) -> 1.2131214 | H21: =H20+6*$E$12/19 -> 1.2131214 | I21: =_xlfn.NORM.DIST(H21,$E$11,$E$12,0) -> 0.018190803 | J21: =_xlfn.NORM.DIST(H21,$E$11,$E$12,1) -> 0.9986501

Sheet k=50
A1: Xi | B1: Si | H1: Шаг | I1: Плотность распределения | J1: Функция распределения
A2: ='Исходные данные'!A2 -> 0.59931 | B2: ='Исходные данные'!B2 -> 0.59931 | F2: (μ-3σ) = | G2: =(E46-3*E47) -> -0.31939279 | H2: =(E46-3*E47) -> -0.31939279 | I2: =_xlfn.NORM.DIST(H2,$E$46,$E$47,0) -> 0.015701706 | J2: =_xlfn.NORM.DIST(H2,$E$46,$E$47,1) -> 0.001349898
A3: ='Исходные данные'!A3 -> 0.52672 | B3: ='Исходные данные'!B3 -> 1.12603 | H3: =H2+6*$E$47/49 -> -0.28483124 | I3: =_xlfn.NORM.DIST(H3,$E$46,$E$47,0) -> 0.022502343 | J3: =_xlfn.NORM.DIST(H3,$E$46,$E$47,1) -> 0.0020038755
A4: ='Исходные данные'!A4 -> 0.39169 | B4: ='Исходные данные'!B4 -> 1.51772 | H4: =H3+6*$E$47/49 -> -0.25026969 | I4: =_xlfn.NORM.DIST(H4,$E$46,$E$47,0) -> 0.031768516 | J4: =_xlfn.NORM.DIST(H4,$E$46,$E$47,1) -> 0.0029336917
A5: ='Исходные данные'!A5 -> 0.996682 | B5: ='Исходные данные'!B5 -> 2.5144 | H5: =H4+6*$E$47/49 -> -0.21570814 | I5: =_xlfn.NORM.DIST(H5,$E$46,$E$47,0) -> 0.04418292 | J5: =_xlfn.NORM.DIST(H5,$E$46,$E$47,1) -> 0.004236042
A6: ='Исходные данные'!A6 -> 0.574168 | B6: ='Исходные данные'!B6 -> 3.08857 | H6: =H5+6*$E$47/49 -> -0.18114658 | I6: =_xlfn.NORM.DIST(H6,$E$46,$E$47,0) -> 0.060534115 | J6: =_xlfn.NORM.DIST(H6,$E$46,$E$47,1) -> 0.0060330703
A7: ='Исходные данные'!A7 -> 0.51831 | B7: ='Исходные данные'!B7 -> 3.60688 | H7: =H6+6*$E$47/49 -> -0.14658503 | I7: =_xlfn.NORM.DIST(H7,$E$46,$E$47,0) -> 0.0817023 | J7: =_xlfn.NORM.DIST(H7,$E$46,$E$47,1) -> 0.0084758168
A8: ='Исходные данные'!A8 -> 0.530825 | B8: ='Исходные данные'!B8 -> 4.13771 | H8: =H7+6*$E$47/49 -> -0.11202348 | I8: =_xlfn.NORM.DIST(H8,$E$46,$E$47,0) -> 0.10863172 | J8: =_xlfn.NORM.DIST(H8,$E$46,$E$47,1) -> 0.01174695
A9: ='Исходные данные'!A9 -> 0.624686 | B9: ='Исходные данные'!B9 -> 4.76239 | H9: =H8+6*$E$47/49 -> -0.07746193 | I9: =_xlfn.NORM.DIST(H9,$E$46,$E$47,0) -> 0.14228769 | J9: =_xlfn.NORM.DIST(H9,$E$46,$E$47,1) -> 0.016062286
A10: ='Исходные данные'!A10 -> 0.134262 | B10: ='Исходные данные'!B10 -> 4.89665 | H10: =H9+6*$E$47/49 -> -0.042900379 | I10: =_xlfn.NORM.DIST(H10,$E$46,$E$47,0) -> 0.1835973 | J10: =_xlfn.NORM.DIST(H10,$E$46,$E$47,1) -> 0.021670534
A11: ='Исходные данные'!A11 -> 0.311794 | B11: ='Исходные данные'!B11 -> 5.20845 | H11: =H10+6*$E$47/49 -> -0.0083388274 | I11: =_xlfn.NORM.DIST(H11,$E$46,$E$47,0) -> 0.23337459 | J11: =_xlfn.NORM.DIST(H11,$E$46,$E$47,1) -> 0.02885073
A12: ='Исходные данные'!A12 -> 0.533984 | B12: ='Исходные данные'!B12 -> 5.74243 | H12: =H11+6*$E$47/49 -> 0.026222724 | I12: =_xlfn.NORM.DIST(H12,$E$46,$E$47,0) -> 0.29223291 | J12: =_xlfn.NORM.DIST(H12,$E$46,$E$47,1) -> 0.037906841
A13: ='Исходные данные'!A13 -> 0.440809 | B13: ='Исходные данные'!B13 -> 6.18324 | H13: =H12+6*$E$47/49 -> 0.060784275 | I13: =_xlfn.NORM.DIST(H13,$E$46,$E$47,0) -> 0.3604898 | J13: =_xlfn.NORM.DIST(H13,$E$46,$E$47,1) -> 0.049159202
A14: ='Исходные данные'!A14 -> 0.063503 | B14: ='Исходные данные'!B14 -> 6.24674 | H14: =H13+6*$E$47/49 -> 0.095345827 | I14: =_xlfn.NORM.DIST(H14,$E$46,$E$47,0) -> 0.43807163 | J14: =_xlfn.NORM.DIST(H14,$E$46,$E$47,1) -> 0.062932627
... A45: ='Исходные данные'!A45 -> 0.775714 | B45: ='Исходные данные'!B45 -> 23.96 | H45: =H44+6*$E$47/49 -> 1.1667539 | I45: =_xlfn.NORM.DIST(H45,$E$46,$E$47,0) -> 0.10863172 | J45: =_xlfn.NORM.DIST(H45,$E$46,$E$47,1) -> 0.98825305
A46: ='Исходные данные'!A46 -> 0.701783 | B46: ='Исходные данные'!B46 -> 24.6618 | D46: μ = | E46: =AVERAGE(A2:A51) -> 0.52736522 | H46: =H45+6*$E$47/49 -> 1.2013155 | I46: =_xlfn.NORM.DIST(H46,$E$46,$E$47,0) -> 0.0817023 | J46: =_xlfn.NORM.DIST(H46,$E$46,$E$47,1) -> 0.99152418
A47: ='Исходные данные'!A47 -> 0.159357 | B47: ='Исходные данные'!B47 -> 24.8212 | D47: σ = | E47: =STDEV(A2:A51) -> 0.28225267 | H47: =H46+6*$E$47/49 -> 1.235877 | I47: =_xlfn.NORM.DIST(H47,$E$46,$E$47,0) -> 0.060534115 | J47: =_xlfn.NORM.DIST(H47,$E$46,$E$47,1) -> 0.99396693
A48: ='Исходные данные'!A48 -> 0.0995737 | B48: ='Исходные данные'!B48 -> 24.9208 | H48: =H47+6*$E$47/49 -> 1.2704386 | I48: =_xlfn.NORM.DIST(H48,$E$46,$E$47,0) -> 0.04418292 | J48: =_xlfn.NORM.DIST(H48,$E$46,$E$47,1) -> 0.99576396
A49: ='Исходные данные'!A49 -> 0.560905 | B49: ='Исходные данные'!B49 -> 25.4817 | H49: =H48+6*$E$47/49 -> 1.3050001 | I49: =_xlfn.NORM.DIST(H49,$E$46,$E$47,0) -> 0.031768516 | J49: =_xlfn.NORM.DIST(H49,$E$46,$E$47,1) -> 0.99706631
A50: ='Исходные данные'!A50 -> 0.347255 | B50: ='Исходные данные'!B50 -> 25.8289 | H50: =H49+6*$E$47/49 -> 1.3395617 | I50: =_xlfn.NORM.DIST(H50,$E$46,$E$47,0) -> 0.022502343 | J50: =_xlfn.NORM.DIST(H50,$E$46,$E$47,1) -> 0.99799612
A51: ='Исходные данные'!A51 -> 0.539348 | B51: ='Исходные данные'!B51 -> 26.3683 | F51: (μ+3σ) = | G51: =(E46+3*E47) -> 1.3741232 | H51: =H50+6*$E$47/49 -> 1.3741232 | I51: =_xlfn.NORM.DIST(H51,$E$46,$E$47,0) -> 0.015701706 | J51: =_xlfn.NORM.DIST(H51,$E$46,$E$47,1) -> 0.9986501

Sheet k=100
A1: Xi | B1: Si | H1: Шаг | I1: Плотность распределения | J1: Функция распределения
A2: ='Исходные данные'!A2 -> 0.59931 | B2: ='Исходные данные'!B2 -> 0.59931 | F2: (μ-3σ) = | G2: =(E96-3*E97) -> -0.37015133 | H2: =(E96-3*E97) -> -0.37015133 | I2: =_xlfn.NORM.DIST(H2,$E$96,$E$97,0) -> 0.014987899 | J2: =_xlfn.NORM.DIST(H2,$E$96,$E$97,1) -> 0.001349898
A3: ='Исходные данные'!A3 -> 0.52672 | B3: ='Исходные данные'!B3 -> 1.12603 | H3: =H2+6*$E$97/99 -> -0.35223042 | I3: =_xlfn.NORM.DIST(H3,$E$96,$E$97,0) -> 0.017943443 | J3: =_xlfn.NORM.DIST(H3,$E$96,$E$97,1) -> 0.001644274
A4: ='Исходные данные'!A4 -> 0.39169 | B4: ='Исходные данные'!B4 -> 1.51772 | H4: =H3+6*$E$97/99 -> -0.3343095 | I4: =_xlfn.NORM.DIST(H4,$E$96,$E$97,0) -> 0.021403047 | J4: =_xlfn.NORM.DIST(H4,$E$96,$E$97,1) -> 0.0019960337
A5: ='Исходные данные'!A5 -> 0.996682 | B5: ='Исходные данные'!B5 -> 2.5144 | H5: =H4+6*$E$97/99 -> -0.31638858 | I5: =_xlfn.NORM.DIST(H5,$E$96,$E$97,0) -> 0.025436083 | J5: =_xlfn.NORM.DIST(H5,$E$96,$E$97,1) -> 0.0024148226
A6: ='Исходные данные'!A6 -> 0.574168 | B6: ='Исходные данные'!B6 -> 3.08857 | H6: =H5+6*$E$97/99 -> -0.29846767 | I6: =_xlfn.NORM.DIST(H6,$E$96,$E$97,0) -> 0.030118244 | J6: =_xlfn.NORM.DIST(H6,$E$96,$E$97,1) -> 0.0029115859
A7: ='Исходные данные'!A7 -> 0.51831 | B7: ='Исходные данные'!B7 -> 3.60688 | H7: =H6+6*$E$97/99 -> -0.28054675 | I7: =_xlfn.NORM.DIST(H7,$E$96,$E$97,0) -> 0.035531526 | J7: =_xlfn.NORM.DIST(H7,$E$96,$E$97,1) -> 0.0034986819
A8: ='Исходные данные'!A8 -> 0.530825 | B8: ='Исходные данные'!B8 -> 4.13771 | H8: =H7+6*$E$97/99 -> -0.26262584 | I8: =_xlfn.NORM.DIST(H8,$E$96,$E$97,0) -> 0.041764075 | J8: =_xlfn.NORM.DIST(H8,$E$96,$E$97,1) -> 0.0041899937
A9: ='Исходные данные'!A9 -> 0.624686 | B9: ='Исходные данные'!B9 -> 4.76239 | H9: =H8+6*$E$97/99 -> -0.24470492 | I9: =_xlfn.NORM.DIST(H9,$E$96,$E$97,0) -> 0.048909888 | J9: =_xlfn.NORM.DIST(H9,$E$96,$E$97,1) -> 0.0050010373
A10: ='Исходные данные'!A10 -> 0.134262 | B10: ='Исходные данные'!B10 -> 4.89665 | H10: =H9+6*$E$97/99 -> -0.22678401 | I10: =_xlfn.NORM.DIST(H10,$E$96,$E$97,0) -> 0.057068343 | J10: =_xlfn.NORM.DIST(H10,$E$96,$E$97,1) -> 0.0059490619
A11: ='Исходные данные'!A11 -> 0.311794 | B11: ='Исходные данные'!B11 -> 5.20845 | H11: =H10+6*$E$97/99 -> -0.20886309 | I11: =_xlfn.NORM.DIST(H11,$E$96,$E$97,0) -> 0.066343543 | J11: =_xlfn.NORM.DIST(H11,$E$96,$E$97,1) -> 0.0070531415
A12: ='Исходные данные'!A12 -> 0.533984 | B12: ='Исходные данные'!B12 -> 5.74243 | H12: =H11+6*$E$97/99 -> -0.19094217 | I12: =_xlfn.NORM.DIST(H12,$E$96,$E$97,0) -> 0.076843449 | J12: =_xlfn.NORM.DIST(H12,$E$96,$E$97,1) -> 0.0083342514
A13: ='Исходные данные'!A13 -> 0.440809 | B13: ='Исходные данные'!B13 -> 6.18324 | H13: =H12+6*$E$97/99 -> -0.17302126 | I13: =_xlfn.NORM.DIST(H13,$E$96,$E$97,0) -> 0.088678805 | J13: =_xlfn.NORM.DIST(H13,$E$96,$E$97,1) -> 0.0098153286
A14: ='Исходные данные'!A14 -> 0.063503 | B14: ='Исходные данные'!B14 -> 6.24674 | H14: =H13+6*$E$97/99 -> -0.15510034 | I14: =_xlfn.NORM.DIST(H14,$E$96,$E$97,0) -> 0.10196183 | J14: =_xlfn.NORM.DIST(H14,$E$96,$E$97,1) -> 0.01152131
... A95: ='Исходные данные'!A95 -> 0.204799 | B95: ='Исходные данные'!B95 -> 49.4558 | H95: =H94+6*$E$97/99 -> 1.2964938 | I95: =_xlfn.NORM.DIST(H95,$E$96,$E$97,0) -> 0.041764075 | J95: =_xlfn.NORM.DIST(H95,$E$96,$E$97,1) -> 0.99581001
A96: ='Исходные данные'!A96 -> 0.208352 | B96: ='Исходные данные'!B96 -> 49.6641 | D96: μ = | E96: =AVERAGE(A2:A101) -> 0.516934 | H96: =H95+6*$E$97/99 -> 1.3144148 | I96: =_xlfn.NORM.DIST(H96,$E$96,$E$97,0) -> 0.035531526 | J96: =_xlfn.NORM.DIST(H96,$E$96,$E$97,1) -> 0.99650132
A97: ='Исходные данные'!A97 -> 0.546034 | B97: ='Исходные данные'!B97 -> 50.2102 | D97: σ = | E97: =STDEV(A2:A101) -> 0.29569511 | H97: =H96+6*$E$97/99 -> 1.3323357 | I97: =_xlfn.NORM.DIST(H97,$E$96,$E$97,0) -> 0.030118244 | J97: =_xlfn.NORM.DIST(H97,$E$96,$E$97,1) -> 0.99708841
A98: ='Исходные данные'!A98 -> 0.883658 | B98: ='Исходные данные'!B98 -> 51.0938 | H98: =H97+6*$E$97/99 -> 1.3502566 | I98: =_xlfn.NORM.DIST(H98,$E$96,$E$97,0) -> 0.025436083 | J98: =_xlfn.NORM.DIST(H98,$E$96,$E$97,1) -> 0.99758518
A99: ='Исходные данные'!A99 -> 0.286789 | B99: ='Исходные данные'!B99 -> 51.3806 | H99: =H98+6*$E$97/99 -> 1.3681775 | I99: =_xlfn.NORM.DIST(H99,$E$96,$E$97,0) -> 0.021403047 | J99: =_xlfn.NORM.DIST(H99,$E$96,$E$97,1) -> 0.99800397
A100: ='Исходные данные'!A100 -> 0.24097 | B100: ='Исходные данные'!B100 -> 51.6216 | H100: =H99+6*$E$97/99 -> 1.3860984 | I100: =_xlfn.NORM.DIST(H100,$E$96,$E$97,0) -> 0.017943443 | J100: =_xlfn.NORM.DIST(H100,$E$96,$E$97,1) -> 0.99835573
A101: ='Исходные данные'!A101 -> 0.0718273 | B101: ='Исходные данные'!B101 -> 51.6934 | F101: (μ+3σ) = | G101: =(E96+3*E97) -> 1.4040193 | H101: =H100+6*$E$97/99 -> 1.4040193 | I101: =_xlfn.NORM.DIST(H101,$E$96,$E$97,0) -> 0.014987899 | J101: =_xlfn.NORM.DIST(H101,$E$96,$E$97,1) -> 0.9986501

Sheet k=150
A1: Xi | B1: Si | H1: Шаг | I1: Плотность распределения | J1: Функция распределения
A2: ='Исходные данные'!A2 -> 0.59931 | B2: ='Исходные данные'!B2 -> 0.59931 | F2: (μ-3σ) = | G2: =(E146-3*E147) -> -0.3707528 | H2: =(E146-3*E147) -> -0.3707528 | I2: =_xlfn.NORM.DIST(H2,$E$146,$E$147,0) -> 0.01493926 | J2: =_xlfn.NORM.DIST(H2,$E$146,$E$147,1) -> 0.001349898
A3: ='Исходные данные'!A3 -> 0.52672 | B3: ='Исходные данные'!B3 -> 1.12603 | H3: =H2+6*$E$147/149 -> -0.35880685 | I3: =_xlfn.NORM.DIST(H3,$E$146,$E$147,0) -> 0.016843877 | J3: =_xlfn.NORM.DIST(H3,$E$146,$E$147,1) -> 0.0015395361
A4: ='Исходные данные'!A4 -> 0.39169 | B4: ='Исходные данные'!B4 -> 1.51772 | H4: =H3+6*$E$147/149 -> -0.3468609 | I4: =_xlfn.NORM.DIST(H4,$E$146,$E$147,0) -> 0.018960546 | J4: =_xlfn.NORM.DIST(H4,$E$146,$E$147,1) -> 0.0017531746
A5: ='Исходные данные'!A5 -> 0.996682 | B5: ='Исходные данные'!B5 -> 2.5144 | H5: =H4+6*$E$147/149 -> -0.33491494 | I5: =_xlfn.NORM.DIST(H5,$E$146,$E$147,0) -> 0.021308622 | J5: =_xlfn.NORM.DIST(H5,$E$146,$E$147,1) -> 0.001993461
A6: ='Исходные данные'!A6 -> 0.574168 | B6: ='Исходные данные'!B6 -> 3.08857 | H6: =H5+6*$E$147/149 -> -0.32296899 | I6: =_xlfn.NORM.DIST(H6,$E$146,$E$147,0) -> 0.023908684 | J6: =_xlfn.NORM.DIST(H6,$E$146,$E$147,1) -> 0.0022632814
A7: ='Исходные данные'!A7 -> 0.51831 | B7: ='Исходные данные'!B7 -> 3.60688 | H7: =H6+6*$E$147/149 -> -0.31102304 | I7: =_xlfn.NORM.DIST(H7,$E$146,$E$147,0) -> 0.026782539 | J7: =_xlfn.NORM.DIST(H7,$E$146,$E$147,1) -> 0.0025657751
A8: ='Исходные данные'!A8 -> 0.530825 | B8: ='Исходные данные'!B8 -> 4.13771 | H8: =H7+6*$E$147/149 -> -0.29907708 | I8: =_xlfn.NORM.DIST(H8,$E$146,$E$147,0) -> 0.029953225 | J8: =_xlfn.NORM.DIST(H8,$E$146,$E$147,1) -> 0.0029043491
A9: ='Исходные данные'!A9 -> 0.624686 | B9: ='Исходные данные'!B9 -> 4.76239 | H9: =H8+6*$E$147/149 -> -0.28713113 | I9: =_xlfn.NORM.DIST(H9,$E$146,$E$147,0) -> 0.033445 | J9: =_xlfn.NORM.DIST(H9,$E$146,$E$147,1) -> 0.0032826931
A10: ='Исходные данные'!A10 -> 0.134262 | B10: ='Исходные данные'!B10 -> 4.89665 | H10: =H9+6*$E$147/149 -> -0.27518518 | I10: =_xlfn.NORM.DIST(H10,$E$146,$E$147,0) -> 0.03728332 | J10: =_xlfn.NORM.DIST(H10,$E$146,$E$147,1) -> 0.0037047937
A11: ='Исходные данные'!A11 -> 0.311794 | B11: ='Исходные данные'!B11 -> 5.20845 | H11: =H10+6*$E$147/149 -> -0.26323923 | I11: =_xlfn.NORM.DIST(H11,$E$146,$E$147,0) -> 0.041494805 | J11: =_xlfn.NORM.DIST(H11,$E$146,$E$147,1) -> 0.0041749485
A12: ='Исходные данные'!A12 -> 0.533984 | B12: ='Исходные данные'!B12 -> 5.74243 | H12: =H11+6*$E$147/149 -> -0.25129327 | I12: =_xlfn.NORM.DIST(H12,$E$146,$E$147,0) -> 0.04610719 | J12: =_xlfn.NORM.DIST(H12,$E$146,$E$147,1) -> 0.0046977799
A13: ='Исходные данные'!A13 -> 0.440809 | B13: ='Исходные данные'!B13 -> 6.18324 | H13: =H12+6*$E$147/149 -> -0.23934732 | I13: =_xlfn.NORM.DIST(H13,$E$146,$E$147,0) -> 0.051149259 | J13: =_xlfn.NORM.DIST(H13,$E$146,$E$147,1) -> 0.005278248
A14: ='Исходные данные'!A14 -> 0.063503 | B14: ='Исходные данные'!B14 -> 6.24674 | H14: =H13+6*$E$147/149 -> -0.22740137 | I14: =_xlfn.NORM.DIST(H14,$E$146,$E$147,0) -> 0.05665077 | J14: =_xlfn.NORM.DIST(H14,$E$146,$E$147,1) -> 0.0059216625
... A145: ='Исходные данные'!A145 -> 0.59413 | B145: ='Исходные данные'!B145 -> 74.3659 | H145: =H144+6*$E$147/149 -> 1.3375185 | I145: =_xlfn.NORM.DIST(H145,$E$146,$E$147,0) -> 0.029953225 | J145: =_xlfn.NORM.DIST(H145,$E$146,$E$147,1) -> 0.99709565
A146: ='Исходные данные'!A146 -> 0.660088 | B146: ='Исходные данные'!B146 -> 75.026 | D146: μ = | E146: =AVERAGE(A2:A151) -> 0.51922069 | H146: =H145+6*$E$147/149 -> 1.3494644 | I146: =_xlfn.NORM.DIST(H146,$E$146,$E$147,0) -> 0.026782539 | J146: =_xlfn.NORM.DIST(H146,$E$146,$E$147,1) -> 0.99743422
A147: ='Исходные данные'!A147 -> 0.681683 | B147: ='Исходные данные'!B147 -> 75.7077 | D147: σ = | E147: =STDEV(A2:A151) -> 0.29665783 | H147: =H146+6*$E$147/149 -> 1.3614104 | I147: =_xlfn.NORM.DIST(H147,$E$146,$E$147,0) -> 0.023908684 | J147: =_xlfn.NORM.DIST(H147,$E$146,$E$147,1) -> 0.99773672
A148: ='Исходные данные'!A148 -> 0.98202 | B148: ='Исходные данные'!B148 -> 76.6897 | H148: =H147+6*$E$147/149 -> 1.3733563 | I148: =_xlfn.NORM.DIST(H148,$E$146,$E$147,0) -> 0.021308622 | J148: =_xlfn.NORM.DIST(H148,$E$146,$E$147,1) -> 0.99800654
A149: ='Исходные данные'!A149 -> 0.658111 | B149: ='Исходные данные'!B149 -> 77.3478 | H149: =H148+6*$E$147/149 -> 1.3853023 | I149: =_xlfn.NORM.DIST(H149,$E$146,$E$147,0) -> 0.018960546 | J149: =_xlfn.NORM.DIST(H149,$E$146,$E$147,1) -> 0.99824683
A150: ='Исходные данные'!A150 -> 0.426784 | B150: ='Исходные данные'!B150 -> 77.7746 | H150: =H149+6*$E$147/149 -> 1.3972482 | I150: =_xlfn.NORM.DIST(H150,$E$146,$E$147,0) -> 0.016843877 | J150: =_xlfn.NORM.DIST(H150,$E$146,$E$147,1) -> 0.99846046
A151: ='Исходные данные'!A151 -> 0.108516 | B151: ='Исходные данные'!B151 -> 77.8831 | F151: (μ+3σ) = | G151: =(E146+3*E147) -> 1.4091942 | H151: =H150+6*$E$147/149 -> 1.4091942 | I151: =_xlfn.NORM.DIST(H151,$E$146,$E$147,0) -> 0.01493926 | J151: =_xlfn.NORM.DIST(H151,$E$146,$E$147,1) -> 0.9986501

Sheet k=200
A1: Xi | B1: Si | H1: Шаг | I1: Плотность распределения | J1: Функция распределения
A2: ='Исходные данные'!A2 -> 0.59931 | B2: ='Исходные данные'!B2 -> 0.59931 | F2: (μ-3σ) = | G2: =(E196-3*E197) -> -0.35267301 | H2: =(E196-3*E197) -> -0.35267301 | I2: =_xlfn.NORM.DIST(H2,$E$196,$E$197,0) -> 0.015279779 | J2: =_xlfn.NORM.DIST(H2,$E$196,$E$197,1) -> 0.001349898
A3: ='Исходные данные'!A3 -> 0.52672 | B3: ='Исходные данные'!B3 -> 1.12603 | H3: =H2+6*$E$197/199 -> -0.34392789 | I3: =_xlfn.NORM.DIST(H3,$E$196,$E$197,0) -> 0.016718704 | J3: =_xlfn.NORM.DIST(H3,$E$196,$E$197,1) -> 0.0014897296
A4: ='Исходные данные'!A4 -> 0.39169 | B4: ='Исходные данные'!B4 -> 1.51772 | H4: =H3+6*$E$197/199 -> -0.33518276 | I4: =_xlfn.NORM.DIST(H4,$E$196,$E$197,0) -> 0.018276512 | J4: =_xlfn.NORM.DIST(H4,$E$196,$E$197,1) -> 0.0016426588
A5: ='Исходные данные'!A5 -> 0.996682 | B5: ='Исходные данные'!B5 -> 2.5144 | H5: =H4+6*$E$197/199 -> -0.32643764 | I5: =_xlfn.NORM.DIST(H5,$E$196,$E$197,0) -> 0.019961318 | J5: =_xlfn.NORM.DIST(H5,$E$196,$E$197,1) -> 0.0018097605
A6: ='Исходные данные'!A6 -> 0.574168 | B6: ='Исходные данные'!B6 -> 3.08857 | H6: =H5+6*$E$197/199 -> -0.31769251 | I6: =_xlfn.NORM.DIST(H6,$E$196,$E$197,0) -> 0.021781628 | J6: =_xlfn.NORM.DIST(H6,$E$196,$E$197,1) -> 0.0019921822
A7: ='Исходные данные'!A7 -> 0.51831 | B7: ='Исходные данные'!B7 -> 3.60688 | H7: =H6+6*$E$197/199 -> -0.30894739 | I7: =_xlfn.NORM.DIST(H7,$E$196,$E$197,0) -> 0.023746337 | J7: =_xlfn.NORM.DIST(H7,$E$196,$E$197,1) -> 0.0021911475
A8: ='Исходные данные'!A8 -> 0.530825 | B8: ='Исходные данные'!B8 -> 4.13771 | H8: =H7+6*$E$197/199 -> -0.30020226 | I8: =_xlfn.NORM.DIST(H8,$E$196,$E$197,0) -> 0.025864741 | J8: =_xlfn.NORM.DIST(H8,$E$196,$E$197,1) -> 0.0024079595
A9: ='Исходные данные'!A9 -> 0.624686 | B9: ='Исходные данные'!B9 -> 4.76239 | H9: =H8+6*$E$197/199 -> -0.29145714 | I9: =_xlfn.NORM.DIST(H9,$E$196,$E$197,0) -> 0.028146528 | J9: =_xlfn.NORM.DIST(H9,$E$196,$E$197,1) -> 0.0026440045
A10: ='Исходные данные'!A10 -> 0.134262 | B10: ='Исходные данные'!B10 -> 4.89665 | H10: =H9+6*$E$197/199 -> -0.28271202 | I10: =_xlfn.NORM.DIST(H10,$E$196,$E$197,0) -> 0.030601782 | J10: =_xlfn.NORM.DIST(H10,$E$196,$E$197,1) -> 0.0029007549
A11: ='Исходные данные'!A11 -> 0.311794 | B11: ='Исходные данные'!B11 -> 5.20845 | H11: =H10+6*$E$197/199 -> -0.27396689 | I11: =_xlfn.NORM.DIST(H11,$E$196,$E$197,0) -> 0.03324098 | J11: =_xlfn.NORM.DIST(H11,$E$196,$E$197,1) -> 0.0031797734
A12: ='Исходные данные'!A12 -> 0.533984 | B12: ='Исходные данные'!B12 -> 5.74243 | H12: =H11+6*$E$197/199 -> -0.26522177 | I12: =_xlfn.NORM.DIST(H12,$E$196,$E$197,0) -> 0.03607498 | J12: =_xlfn.NORM.DIST(H12,$E$196,$E$197,1) -> 0.0034827158
A13: ='Исходные данные'!A13 -> 0.440809 | B13: ='Исходные данные'!B13 -> 6.18324 | H13: =H12+6*$E$197/199 -> -0.25647664 | I13: =_xlfn.NORM.DIST(H13,$E$196,$E$197,0) -> 0.039115023 | J13: =_xlfn.NORM.DIST(H13,$E$196,$E$197,1) -> 0.0038113344
A14: ='Исходные данные'!A14 -> 0.063503 | B14: ='Исходные данные'!B14 -> 6.24674 | H14: =H13+6*$E$197/199 -> -0.24773152 | I14: =_xlfn.NORM.DIST(H14,$E$196,$E$197,0) -> 0.042372713 | J14: =_xlfn.NORM.DIST(H14,$E$196,$E$197,1) -> 0.0041674817
... A195: ='Исходные данные'!A195 -> 0.600008 | B195: ='Исходные данные'!B195 -> 100.412 | H195: =H194+6*$E$197/199 -> 1.335136 | I195: =_xlfn.NORM.DIST(H195,$E$196,$E$197,0) -> 0.025864741 | J195: =_xlfn.NORM.DIST(H195,$E$196,$E$197,1) -> 0.99759204
A196: ='Исходные данные'!A196 -> 0.692963 | B196: ='Исходные данные'!B196 -> 101.105 | D196: μ = | E196: =AVERAGE(A2:A201) -> 0.51746686 | H196: =H195+6*$E$197/199 -> 1.3438811 | I196: =_xlfn.NORM.DIST(H196,$E$196,$E$197,0) -> 0.023746337 | J196: =_xlfn.NORM.DIST(H196,$E$196,$E$197,1) -> 0.99780885
A197: ='Исходные данные'!A197 -> 0.380041 | B197: ='Исходные данные'!B197 -> 101.485 | D197: σ = | E197: =STDEV(A2:A201) -> 0.29004662 | H197: =H196+6*$E$197/199 -> 1.3526262 | I197: =_xlfn.NORM.DIST(H197,$E$196,$E$197,0) -> 0.021781628 | J197: =_xlfn.NORM.DIST(H197,$E$196,$E$197,1) -> 0.99800782
A198: ='Исходные данные'!A198 -> 0.851638 | B198: ='Исходные данные'!B198 -> 102.337 | H198: =H197+6*$E$197/199 -> 1.3613714 | I198: =_xlfn.NORM.DIST(H198,$E$196,$E$197,0) -> 0.019961318 | J198: =_xlfn.NORM.DIST(H198,$E$196,$E$197,1) -> 0.99819024
A199: ='Исходные данные'!A199 -> 0.174106 | B199: ='Исходные данные'!B199 -> 102.511 | H199: =H198+6*$E$197/199 -> 1.3701165 | I199: =_xlfn.NORM.DIST(H199,$E$196,$E$197,0) -> 0.018276512 | J199: =_xlfn.NORM.DIST(H199,$E$196,$E$197,1) -> 0.99835734
A200: ='Исходные данные'!A200 -> 0.7634 | B200: ='Исходные данные'!B200 -> 103.274 | H200: =H199+6*$E$197/199 -> 1.3788616 | I200: =_xlfn.NORM.DIST(H200,$E$196,$E$197,0) -> 0.016718704 | J200: =_xlfn.NORM.DIST(H200,$E$196,$E$197,1) -> 0.99851027
A201: ='Исходные данные'!A201 -> 0.219235 | B201: ='Исходные данные'!B201 -> 103.493 | F201: (μ+3σ) = | G201: =(E196+3*E197) -> 1.3876067 | H201: =H200+6*$E$197/199 -> 1.3876067 | I201: =_xlfn.NORM.DIST(H201,$E$196,$E$197,0) -> 0.015279779 | J201: =_xlfn.NORM.DIST(H201,$E$196,$E$197,1) -> 0.9986501

Sheet k=275
A1: Xi | B1: Si | H1: Шаг | I1: Плотность распределения | J1: Функция распределения
A2: ='Исходные данные'!A2 -> 0.59931 | B2: ='Исходные данные'!B2 -> 0.59931 | F2: (μ-3σ) = | G2: =(E271-3*E272) -> -0.34836985 | H2: =(E271-3*E272) -> -0.34836985 | I2: =_xlfn.NORM.DIST(H2,$E$271,$E$272,0) -> 0.015437127 | J2: =_xlfn.NORM.DIST(H2,$E$271,$E$272,1) -> 0.001349898
A3: ='Исходные данные'!A3 -> 0.52672 | B3: ='Исходные данные'!B3 -> 1.12603 | H3: =H2+6*$E$272/274 -> -0.3420832 | I3: =_xlfn.NORM.DIST(H3,$E$271,$E$272,0) -> 0.016481345 | J3: =_xlfn.NORM.DIST(H3,$E$271,$E$272,1) -> 0.0014501963
A4: ='Исходные данные'!A4 -> 0.39169 | B4: ='Исходные данные'!B4 -> 1.51772 | H4: =H3+6*$E$272/274 -> -0.33579656 | I4: =_xlfn.NORM.DIST(H4,$E$271,$E$272,0) -> 0.017587762 | J4: =_xlfn.NORM.DIST(H4,$E$271,$E$272,1) -> 0.0015572532
A5: ='Исходные данные'!A5 -> 0.996682 | B5: ='Исходные данные'!B5 -> 2.5144 | H5: =H4+6*$E$272/274 -> -0.32950991 | I5: =_xlfn.NORM.DIST(H5,$E$271,$E$272,0) -> 0.018759456 | J5: =_xlfn.NORM.DIST(H5,$E$271,$E$272,1) -> 0.0016714692
A6: ='Исходные данные'!A6 -> 0.574168 | B6: ='Исходные данные'!B6 -> 3.08857 | H6: =H5+6*$E$272/274 -> -0.32322326 | I6: =_xlfn.NORM.DIST(H6,$E$271,$E$272,0) -> 0.019999616 | J6: =_xlfn.NORM.DIST(H6,$E$271,$E$272,1) -> 0.0017932648
A7: ='Исходные данные'!A7 -> 0.51831 | B7: ='Исходные данные'!B7 -> 3.60688 | H7: =H6+6*$E$272/274 -> -0.31693662 | I7: =_xlfn.NORM.DIST(H7,$E$271,$E$272,0) -> 0.02131154 | J7: =_xlfn.NORM.DIST(H7,$E$271,$E$272,1) -> 0.0019230807
A8: ='Исходные данные'!A8 -> 0.530825 | B8: ='Исходные данные'!B8 -> 4.13771 | H8: =H7+6*$E$272/274 -> -0.31064997 | I8: =_xlfn.NORM.DIST(H8,$E$271,$E$272,0) -> 0.022698635 | J8: =_xlfn.NORM.DIST(H8,$E$271,$E$272,1) -> 0.0020613786
A9: ='Исходные данные'!A9 -> 0.624686 | B9: ='Исходные данные'!B9 -> 4.76239 | H9: =H8+6*$E$272/274 -> -0.30436332 | I9: =_xlfn.NORM.DIST(H9,$E$271,$E$272,0) -> 0.024164422 | J9: =_xlfn.NORM.DIST(H9,$E$271,$E$272,1) -> 0.0022086422
A10: ='Исходные данные'!A10 -> 0.134262 | B10: ='Исходные данные'!B10 -> 4.89665 | H10: =H9+6*$E$272/274 -> -0.29807667 | I10: =_xlfn.NORM.DIST(H10,$E$271,$E$272,0) -> 0.025712531 | J10: =_xlfn.NORM.DIST(H10,$E$271,$E$272,1) -> 0.0023653775
A11: ='Исходные данные'!A11 -> 0.311794 | B11: ='Исходные данные'!B11 -> 5.20845 | H11: =H10+6*$E$272/274 -> -0.29179003 | I11: =_xlfn.NORM.DIST(H11,$E$271,$E$272,0) -> 0.027346704 | J11: =_xlfn.NORM.DIST(H11,$E$271,$E$272,1) -> 0.0025321138
A12: ='Исходные данные'!A12 -> 0.533984 | B12: ='Исходные данные'!B12 -> 5.74243 | H12: =H11+6*$E$272/274 -> -0.28550338 | I12: =_xlfn.NORM.DIST(H12,$E$271,$E$272,0) -> 0.029070795 | J12: =_xlfn.NORM.DIST(H12,$E$271,$E$272,1) -> 0.0027094041
A13: ='Исходные данные'!A13 -> 0.440809 | B13: ='Исходные данные'!B13 -> 6.18324 | H13: =H12+6*$E$272/274 -> -0.27921673 | I13: =_xlfn.NORM.DIST(H13,$E$271,$E$272,0) -> 0.030888767 | J13: =_xlfn.NORM.DIST(H13,$E$271,$E$272,1) -> 0.0028978262
A14: ='Исходные данные'!A14 -> 0.063503 | B14: ='Исходные данные'!B14 -> 6.24674 | H14: =H13+6*$E$272/274 -> -0.27293008 | I14: =_xlfn.NORM.DIST(H14,$E$271,$E$272,0) -> 0.032804694 | J14: =_xlfn.NORM.DIST(H14,$E$271,$E$272,1) -> 0.0030979829
... A270: ='Исходные данные'!A270 -> 0.12681 | B270: ='Исходные данные'!B270 -> 138.937 | H270: =H269+6*$E$272/274 -> 1.3364517 | I270: =_xlfn.NORM.DIST(H270,$E$271,$E$272,0) -> 0.022698635 | J270: =_xlfn.NORM.DIST(H270,$E$271,$E$272,1) -> 0.99793862
A271: ='Исходные данные'!A271 -> 0.438711 | B271: ='Исходные данные'!B271 -> 139.375 | D271: μ = | E271: =AVERAGE(A2:A276) -> 0.51290084 | H271: =H270+6*$E$272/274 -> 1.3427383 | I271: =_xlfn.NORM.DIST(H271,$E$271,$E$272,0) -> 0.02131154 | J271: =_xlfn.NORM.DIST(H271,$E$271,$E$272,1) -> 0.99807692
A272: ='Исходные данные'!A272 -> 0.0103003 | B272: ='Исходные данные'!B272 -> 139.386 | D272: σ = | E272: =STDEV(A2:A276) -> 0.28709023 | H272: =H271+6*$E$272/274 -> 1.3490249 | I272: =_xlfn.NORM.DIST(H272,$E$271,$E$272,0) -> 0.019999616 | J272: =_xlfn.NORM.DIST(H272,$E$271,$E$272,1) -> 0.99820674
A273: ='Исходные данные'!A273 -> 0.119403 | B273: ='Исходные данные'!B273 -> 139.505 | H273: =H272+6*$E$272/274 -> 1.3553116 | I273: =_xlfn.NORM.DIST(H273,$E$271,$E$272,0) -> 0.018759456 | J273: =_xlfn.NORM.DIST(H273,$E$271,$E$272,1) -> 0.99832853
A274: ='Исходные данные'!A274 -> 0.459958 | B274: ='Исходные данные'!B274 -> 139.965 | H274: =H273+6*$E$272/274 -> 1.3615982 | I274: =_xlfn.NORM.DIST(H274,$E$271,$E$272,0) -> 0.017587762 | J274: =_xlfn.NORM.DIST(H274,$E$271,$E$272,1) -> 0.99844275
A275: ='Исходные данные'!A275 -> 0.66878 | B275: ='Исходные данные'!B275 -> 140.634 | H275: =H274+6*$E$272/274 -> 1.3678849 | I275: =_xlfn.NORM.DIST(H275,$E$271,$E$272,0) -> 0.016481345 | J275: =_xlfn.NORM.DIST(H275,$E$271,$E$272,1) -> 0.9985498
A276: ='Исходные данные'!A276 -> 0.413887 | B276: ='Исходные данные'!B276 -> 141.048 | F276: (μ+3σ) = | G276: =(E271+3*E272) -> 1.3741715 | H276: =H275+6*$E$272/274 -> 1.3741715 | I276: =_xlfn.NORM.DIST(H276,$E$271,$E$272,0) -> 0.015437127 | J276: =_xlfn.NORM.DIST(H276,$E$271,$E$272,1) -> 0.9986501

Sheet k=350
A1: Xi | B1: Si | H1: Шаг | I1: Плотность распределения | J1: Функция распределения
A2: ='Исходные данные'!A2 -> 0.59931 | B2: ='Исходные данные'!B2 -> 0.59931 | F2: (μ-3σ) = | G2: =(E346-3*E347) -> -0.34953794 | H2: =(E346-3*E347) -> -0.34953794 | I2: =_xlfn.NORM.DIST(H2,$E$346,$E$347,0) -> 0.015354998 | J2: =_xlfn.NORM.DIST(H2,$E$346,$E$347,1) -> 0.001349898
A3: ='Исходные данные'!A3 -> 0.52672 | B3: ='Исходные данные'!B3 -> 1.12603 | H3: =H2+6*$E$347/349 -> -0.34457589 | I3: =_xlfn.NORM.DIST(H3,$E$346,$E$347,0) -> 0.016165336 | J3: =_xlfn.NORM.DIST(H3,$E$346,$E$347,1) -> 0.0014280854
A4: ='Исходные данные'!A4 -> 0.39169 | B4: ='Исходные данные'!B4 -> 1.51772 | H4: =H3+6*$E$347/349 -> -0.33961384 | I4: =_xlfn.NORM.DIST(H4,$E$346,$E$347,0) -> 0.017013409 | J4: =_xlfn.NORM.DIST(H4,$E$346,$E$347,1) -> 0.0015103868
A5: ='Исходные данные'!A5 -> 0.996682 | B5: ='Исходные данные'!B5 -> 2.5144 | H5: =H4+6*$E$347/349 -> -0.33465179 | I5: =_xlfn.NORM.DIST(H5,$E$346,$E$347,0) -> 0.017900682 | J5: =_xlfn.NORM.DIST(H5,$E$346,$E$347,1) -> 0.001596993
A6: ='Исходные данные'!A6 -> 0.574168 | B6: ='Исходные данные'!B6 -> 3.08857 | H6: =H5+6*$E$347/349 -> -0.32968974 | I6: =_xlfn.NORM.DIST(H6,$E$346,$E$347,0) -> 0.018828661 | J6: =_xlfn.NORM.DIST(H6,$E$346,$E$347,1) -> 0.0016881022
A7: ='Исходные данные'!A7 -> 0.51831 | B7: ='Исходные данные'!B7 -> 3.60688 | H7: =H6+6*$E$347/349 -> -0.3247277 | I7: =_xlfn.NORM.DIST(H7,$E$346,$E$347,0) -> 0.019798895 | J7: =_xlfn.NORM.DIST(H7,$E$346,$E$347,1) -> 0.0017839203
A8: ='Исходные данные'!A8 -> 0.530825 | B8: ='Исходные данные'!B8 -> 4.13771 | H8: =H7+6*$E$347/349 -> -0.31976565 | I8: =_xlfn.NORM.DIST(H8,$E$346,$E$347,0) -> 0.020812973 | J8: =_xlfn.NORM.DIST(H8,$E$346,$E$347,1) -> 0.0018846608
A9: ='Исходные данные'!A9 -> 0.624686 | B9: ='Исходные данные'!B9 -> 4.76239 | H9: =H8+6*$E$347/349 -> -0.3148036 | I9: =_xlfn.NORM.DIST(H9,$E$346,$E$347,0) -> 0.021872524 | J9: =_xlfn.NORM.DIST(H9,$E$346,$E$347,1) -> 0.0019905454
A10: ='Исходные данные'!A10 -> 0.134262 | B10: ='Исходные данные'!B10 -> 4.89665 | H10: =H9+6*$E$347/349 -> -0.30984155 | I10: =_xlfn.NORM.DIST(H10,$E$346,$E$347,0) -> 0.022979223 | J10: =_xlfn.NORM.DIST(H10,$E$346,$E$347,1) -> 0.0021018038
A11: ='Исходные данные'!A11 -> 0.311794 | B11: ='Исходные данные'!B11 -> 5.20845 | H11: =H10+6*$E$347/349 -> -0.3048795 | I11: =_xlfn.NORM.DIST(H11,$E$346,$E$347,0) -> 0.024134783 | J11: =_xlfn.NORM.DIST(H11,$E$346,$E$347,1) -> 0.0022186743
A12: ='Исходные данные'!A12 -> 0.533984 | B12: ='Исходные данные'!B12 -> 5.74243 | H12: =H11+6*$E$347/349 -> -0.29991746 | I12: =_xlfn.NORM.DIST(H12,$E$346,$E$347,0) -> 0.025340962 | J12: =_xlfn.NORM.DIST(H12,$E$346,$E$347,1) -> 0.0023414035
A13: ='Исходные данные'!A13 -> 0.440809 | B13: ='Исходные данные'!B13 -> 6.18324 | H13: =H12+6*$E$347/349 -> -0.29495541 | I13: =_xlfn.NORM.DIST(H13,$E$346,$E$347,0) -> 0.02659956 | J13: =_xlfn.NORM.DIST(H13,$E$346,$E$347,1) -> 0.0024702471
A14: ='Исходные данные'!A14 -> 0.063503 | B14: ='Исходные данные'!B14 -> 6.24674 | H14: =H13+6*$E$347/349 -> -0.28999336 | I14: =_xlfn.NORM.DIST(H14,$E$346,$E$347,0) -> 0.027912416 | J14: =_xlfn.NORM.DIST(H14,$E$346,$E$347,1) -> 0.0026054698
... A345: ='Исходные данные'!A345 -> 0.474682 | B345: ='Исходные данные'!B345 -> 178.612 | H345: =H344+6*$E$347/349 -> 1.3524445 | I345: =_xlfn.NORM.DIST(H345,$E$346,$E$347,0) -> 0.020812973 | J345: =_xlfn.NORM.DIST(H345,$E$346,$E$347,1) -> 0.99811534
A346: ='Исходные данные'!A346 -> 0.821221 | B346: ='Исходные данные'!B346 -> 179.433 | D346: μ = | E346: =AVERAGE(A2:A351) -> 0.51633942 | H346: =H345+6*$E$347/349 -> 1.3574065 | I346: =_xlfn.NORM.DIST(H346,$E$346,$E$347,0) -> 0.019798895 | J346: =_xlfn.NORM.DIST(H346,$E$346,$E$347,1) -> 0.99821608
A347: ='Исходные данные'!A347 -> 0.672116 | B347: ='Исходные данные'!B347 -> 180.105 | D347: σ = | E347: =STDEV(A2:A351) -> 0.28862578 | H347: =H346+6*$E$347/349 -> 1.3623686 | I347: =_xlfn.NORM.DIST(H347,$E$346,$E$347,0) -> 0.018828661 | J347: =_xlfn.NORM.DIST(H347,$E$346,$E$347,1) -> 0.9983119
A348: ='Исходные данные'!A348 -> 0.237718 | B348: ='Исходные данные'!B348 -> 180.343 | H348: =H347+6*$E$347/349 -> 1.3673306 | I348: =_xlfn.NORM.DIST(H348,$E$346,$E$347,0) -> 0.017900682 | J348: =_xlfn.NORM.DIST(H348,$E$346,$E$347,1) -> 0.99840301
A349: ='Исходные данные'!A349 -> 0.0214121 | B349: ='Исходные данные'!B349 -> 180.364 | H349: =H348+6*$E$347/349 -> 1.3722927 | I349: =_xlfn.NORM.DIST(H349,$E$346,$E$347,0) -> 0.017013409 | J349: =_xlfn.NORM.DIST(H349,$E$346,$E$347,1) -> 0.99848961
A350: ='Исходные данные'!A350 -> 0.105357 | B350: ='Исходные данные'!B350 -> 180.47 | H350: =H349+6*$E$347/349 -> 1.3772547 | I350: =_xlfn.NORM.DIST(H350,$E$346,$E$347,0) -> 0.016165336 | J350: =_xlfn.NORM.DIST(H350,$E$346,$E$347,1) -> 0.99857191
A351: ='Исходные данные'!A351 -> 0.249069 | B351: ='Исходные данные'!B351 -> 180.719 | F351: (μ+3σ) = | G351: =(E346+3*E347) -> 1.3822168 | H351: =H350+6*$E$347/349 -> 1.3822168 | I351: =_xlfn.NORM.DIST(H351,$E$346,$E$347,0) -> 0.015354998 | J351: =_xlfn.NORM.DIST(H351,$E$346,$E$347,1) -> 0.9986501
